timestamp,direction,Support,Resistance,open,high,low,close,volume
2022-08-25,SHORT,"[840, 880]","[895, 900, 940]",302.542,302.807,291.556,295.897,6685.7261
2022-08-26,SHORT,"[835, 840, 845, 877, 880]","[900, 908, 940, 980.5]",297.297,301.956,287.376,288.017,508.559
2022-08-27,SHORT,[290],"[300, 322, 323, 324, 422]",297.297,301.956,287.376,288.017,508.559
2022-08-28,LONG,"[84, 285, 286]","[290, 292, 295]",297.297,301.956,287.376,288.017,508.559
2022-08-31,SHORT,"[150, 185, 247, 280]","[287, 288, 292]",280.497,280.837,271.776,275.337,94.2867
2022-09-01,SHORT,"[262, 273]","[280, 285, 287, 291, 292]",272.266,277.497,266.116,277.106,98.0055
2022-09-02,,"[262, 267, 268, 270, 273]","[280, 281, 282, 290, 293, 294, 295]",280.876,282.116,269.056,269.737,98.136
2022-09-03,LONG,[266],"[280, 281, 282, 285, 286, 288, 290]",280.876,282.116,269.056,269.737,98.136
2022-09-04,,"[262, 266, 267]","[282, 285, 288, 290]",280.876,282.116,269.056,269.737,98.136
2022-09-08,LONG,"[267, 270]","[280, 285, 288, 290]",280.927,289.477,279.757,289.207,96.0093
2022-09-09,,"[277, 280]","[284, 290]",291.547,299.817,291.156,299.617,72.2772
2022-09-10,SHORT,"[285, 286]","[290, 295]",291.547,299.817,291.156,299.617,72.2772
2022-09-11,,"[290, 400]","[303, 312, 412]",291.547,299.817,291.156,299.617,72.2772
2022-09-14,,"[285, 290]","[312, 325]",292.107,305.917,291.556,302.507,99.705
2022-09-15,LONG,"[285, 290]","[300, 312, 325]",301.626,309.077,300.657,303.657,95.3424
2022-09-16,LONG,[299],"[306, 312, 319, 320]",299.347,303.637,295.527,302.966,102.8034
2022-09-17,SHORT,[],"[306, 312]",299.347,303.637,295.527,302.966,102.8034
2022-09-18,SHORT,"[250, 255, 292, 293]",[306],299.347,303.637,295.527,302.966,102.8034
2022-09-22,SHORT,"[250, 265, 273, 295, 300]","[312, 313, 317, 318, 325]",299.996,301.177,285.796,288.467,134.7309
2022-09-23,SHORT,"[293, 294, 295]","[310, 312, 313, 317]",282.916,284.307,272.797,274.796,111.6909
2022-09-24,SHORT,"[250, 262, 276, 280, 285]","[294, 295, 300]",282.916,284.307,272.797,274.796,111.6909
2022-09-25,LONG,"[273, 275]","[288, 293, 300]",282.916,284.307,272.797,274.796,111.6909
2022-09-28,,"[257, 262, 267, 273, 274, 275]","[283, 284, 290, 300]",282.996,288.977,277.506,287.607,108.2646
2022-09-29,SHORT,"[256, 262, 267]","[288.5, 290]",282.756,283.596,265.737,268.067,128.9115
2022-10-01,,"[248, 256, 262, 267]",[],265.977,275.507,262.306,264.997,126.1422
2022-10-02,SHORT,"[150, 185, 200, 220, 230, 247, 258, 262, 265.1]",[],265.977,275.507,262.306,264.997,126.1422
2022-10-05,LONG,"[150, 187, 210, 220, 233]","[247, 264, 267, 270, 272]",245.302,246.636,233.246,240.457,101.5821
2022-10-06,SHORT,"[150, 187, 210, 220, 230, 233]","[247, 260, 262, 264, 270, 272]",239.316,244.496,235.336,238.016,100.4121
2022-10-07,LONG,[233],"[254, 260, 270]",233.987,234.527,222.006,222.697,106.5573
2022-10-08,,"[222, 228, 233, 237]","[240, 254.61, 270]",233.987,234.527,222.006,222.697,106.5573
2022-10-09,SHORT,"[150, 187, 205, 210, 216, 220]","[263, 265, 270]",233.987,234.527,222.006,222.697,106.5573
2022-10-12,LONG,[207],"[235, 245, 253, 262]",215.427,219.226,211.496,217.097,102.8187
2022-10-13,,"[200, 207, 208, 210, 215]",[228],208.297,222.947,206.196,221.697,131.598
2022-10-14,,[217.32],"[223, 245]",223.886,226.177,204.146,204.997,127.3698
2022-10-15,,[],"[224, 225, 245, 372, 373]",223.886,226.177,204.146,204.997,127.3698
2022-10-16,LONG,"[180, 200]","[206, 225, 236, 246]",223.886,226.177,204.146,204.997,127.3698
2022-10-19,,"[100, 185, 205, 209, 1100]","[216, 221, 225]",219.647,222.867,217.746,222.207,64.5912
2022-10-20,LONG,"[150, 180, 204, 210, 216, 217, 219]","[245, 246, 250]",208.316,215.467,202.0,207.036,84.8448
2022-10-22,,"[150, 185, 195, 200, 205]",[],206.016,214.606,203.746,214.397,73.2537
2022-10-23,LONG,"[200, 202, 203, 205]","[222, 238, 265, 287]",206.016,214.606,203.746,214.397,73.2537
2022-10-26,LONG,"[198.6, 204, 210]","[211.25, 215, 230, 243, 250, 253, 379]",219.116,230.467,218.197,224.506,73.1034
2022-10-27,LONG,[198],"[222.4, 225, 233, 238, 240, 245, 250, 260, 265, 270]",229.827,233.727,222.776,224.957,90.5886
2022-10-29,LONG,"[212, 213, 216, 218, 220]","[238, 250, 265]",225.307,228.827,216.227,228.357,67.8546
2022-10-30,LONG,"[216, 225]","[245, 250, 264, 270]",225.307,228.827,216.227,228.357,67.8546
2022-11-02,LONG,"[204, 205, 218, 225]","[229, 230]",225.926,227.746,214.756,214.806,76.4694
2022-11-03,,[],[],211.026,221.137,210.106,215.307,64.1529
2022-11-04,LONG,"[204, 213]",[235],222.537,223.727,203.076,207.467,84.5766
2022-11-05,LONG,"[204, 213]","[220, 230]",222.537,223.727,203.076,207.467,84.5766
2022-11-06,LONG,"[200, 204]","[230, 250]",222.537,223.727,203.076,207.467,84.5766
2022-11-09,SHORT,"[150, 166, 167, 180, 187, 195]","[200, 204]",190.497,195.837,177.116,177.587,89.5736
2022-11-10,,"[120, 150, 182, 187]",[180],189.707,190.977,180.006,190.597,102.9036
2022-11-11,,"[150, 160, 174]","[180, 200]",185.777,196.477,182.527,195.816,107.7372
2022-11-12,LONG,"[175, 176, 180, 191]","[200, 207, 230, 237, 250, 260, 410]",185.777,196.477,182.527,195.816,107.7372
2022-11-13,,"[177, 180, 195]","[197, 204, 205, 212, 230]",185.777,196.477,182.527,195.816,107.7372
2022-11-16,,"[177, 178, 180, 182, 187, 190]","[195, 197, 200, 204]",191.417,192.467,185.646,186.877,87.2928
2022-11-17,,"[180, 191, 192]","[194.44, 196, 197, 200, 204, 400, 406, 410]",183.637,186.096,180.886,183.177,84.3984
2022-11-18,SHORT,"[150, 180]","[195, 200]",184.807,184.886,176.526,180.206,68.2635
2022-11-19,LONG,"[177, 180, 180.8]","[183, 184, 195, 200, 204]",184.807,184.886,176.526,180.206,68.2635
2022-11-20,LONG,"[150, 166, 177, 178, 180]",[182],184.807,184.886,176.526,180.206,68.2635
2022-11-23,LONG,"[150, 164, 167]",[180],173.627,183.587,172.496,183.087,88.713
2022-11-24,,"[161.45, 163, 166]","[180, 190]",173.627,183.587,172.496,183.087,88.713
2022-11-25,LONG,[180],"[182.5, 185, 187, 190, 193, 195, 200, 237]",185.007,185.007,180.616,182.596,50.7252
2022-11-26,LONG,"[180, 182]","[187, 190, 195, 200, 204, 230]",185.007,185.007,180.616,182.596,50.7252
2022-11-30,LONG,"[166, 170, 175, 176, 183]","[185, 187, 190, 195, 200, 205, 220, 230, 280]",182.346,194.657,180.596,194.446,95.8707
2022-12-01,LONG,"[166, 176, 177, 179, 180]","[183, 184, 221]",196.907,198.817,191.757,194.657,76.5846
2022-12-02,LONG,"[167, 178, 186, 187, 188]","[195, 204, 205, 220, 230]",191.596,196.217,191.096,194.727,78.1164
2022-12-03,LONG,"[186, 187, 189, 190]","[200, 216]",191.596,196.217,191.096,194.727,78.1164
2022-12-04,LONG,"[186, 187, 190]","[195, 196, 200, 205, 215]",191.596,196.217,191.096,194.727,78.1164
2022-12-07,LONG,"[165, 167, 176, 177, 178, 182]","[185, 187, 198, 200, 204, 220, 230]",174.906,179.367,172.196,173.977,96.1794
2022-12-08,LONG,"[38.55, 177]","[25, 195, 200, 400]",171.956,175.167,169.026,173.356,88.5933
2022-12-09,,"[155, 160, 165, 167, 168, 170]","[176, 177, 180, 198, 201]",173.707,182.487,173.296,178.966,82.6956
2022-12-10,LONG,"[167, 168, 169]","[400, 402]",173.707,182.487,173.296,178.966,82.6956
2022-12-11,,"[17, 29, 30, 43, 55, 59, 74, 91, 136, 170]","[180, 185, 205]",173.707,182.487,173.296,178.966,82.6956
2022-12-14,,"[166, 167]",[180],159.197,161.577,155.296,156.746,104.6277
2022-12-15,,"[136, 150, 157]","[161, 167, 180]",153.307,160.827,153.246,157.657,106.2996
2022-12-16,LONG,"[150, 152, 153]","[164, 170, 180]",159.527,160.836,150.026,150.156,88.8012
2022-12-17,LONG,"[150, 155, 156]","[170, 178]",159.527,160.836,150.026,150.156,88.8012
2022-12-18,LONG,"[110, 118, 120, 136, 147, 150]","[170, 175, 180]",159.527,160.836,150.026,150.156,88.8012
2022-12-21,LONG,"[146, 150]","[154, 170, 180]",139.307,141.216,135.887,137.377,91.7771
2022-12-22,SHORT,"[104, 112, 120, 130, 136]","[143, 150, 166, 167]",135.987,136.486,122.256,125.276,116.064
2022-12-23,,"[17, 120, 130, 135, 137.49]","[139, 160, 165, 265]",126.336,128.587,121.016,123.006,97.0488
2022-12-24,,"[65, 91, 100, 110, 112, 120, 125, 130, 150, 167]",[133],126.336,128.587,121.016,123.006,97.0488
2022-12-25,LONG,"[100, 112, 120, 121]","[150, 160, 165, 170, 175, 180, 192]",126.336,128.587,121.016,123.006,97.0488
2022-12-29,LONG,"[70, 100, 102, 112]","[150, 166, 180]",120.316,123.547,117.496,121.806,117.0063
2022-12-30,LONG,"[60, 70, 100, 110, 112]","[143, 150, 165, 166, 180]",119.966,124.427,119.657,123.126,131.4048
2022-12-31,LONG,"[114, 115]","[116, 123, 150]",119.966,124.427,119.657,123.126,131.4048
2023-01-01,LONG,"[123, 124]","[150, 160]",119.966,124.427,119.657,123.126,131.4048
2023-01-05,LONG,"[70, 100, 104, 107, 109]","[150, 160, 180]",110.456,111.717,107.157,110.336,144.4971
2023-01-06,LONG,"[60, 90, 108]","[121, 123, 125, 140, 150, 162]",102.916,114.377,101.2,112.976,108.3354
2023-01-07,LONG,"[100, 105]",[140],102.916,114.377,101.2,112.976,108.3354
2023-01-08,LONG,"[61, 64, 100]","[120, 125, 140, 150, 390, 400]",102.916,114.377,101.2,112.976,108.3354
2023-01-11,LONG,"[110, 113, 115]","[123, 126, 133, 145, 150, 166, 260]",122.036,125.907,120.506,123.137,112.086
2023-01-12,LONG,"[100, 105, 110, 111, 112, 113, 115, 116, 117]","[120, 130, 140, 150, 180, 220, 230]",122.446,124.106,116.996,123.497,130.3062
2023-01-13,SHORT,[100],"[123, 125, 140]",116.546,122.617,115.586,122.387,88.0668
2023-01-14,LONG,[123],"[125, 130, 140, 150]",116.546,122.617,115.586,122.387,88.0668
2023-01-15,,"[110, 117, 118]","[123, 130, 135, 140]",116.546,122.617,115.586,122.387,88.0668
2023-01-19,,"[120, 123]","[130, 140, 150, 160]",127.296,129.957,124.296,127.087,128.4669
2023-01-20,,"[102, 110]","[137, 140]",128.516,133.477,127.306,133.357,95.8761
2023-01-21,,"[100, 101, 122, 123, 124]","[129, 130, 137, 140]",128.516,133.477,127.306,133.357,95.8761
2023-01-22,SHORT,"[100, 107, 113]","[136, 137, 140, 150, 155]",128.516,133.477,127.306,133.357,95.8761
2023-01-25,SHORT,"[60, 64, 113, 120, 122, 135]","[140, 143.8, 149.85, 150, 153, 167, 170]",141.826,146.387,138.067,144.346,112.9959
2023-01-26,SHORT,[64],"[110, 140, 143, 150, 153]",159.826,161.367,154.756,160.187,108.8622
2023-01-27,,[],"[150, 152.36, 162]",162.406,180.657,161.156,177.766,127.4013
2023-01-28,LONG,"[113, 124, 131]","[140, 145, 150, 162, 166, 180]",162.406,180.657,161.156,177.766,127.4013
2023-01-29,,"[120, 132, 141, 167, 170]","[180, 190, 192, 200, 410]",162.406,180.657,161.156,177.766,127.4013
2023-02-01,,"[113, 120, 140, 141, 144, 150]","[95, 180, 185, 190, 200]",173.746,183.777,169.936,181.296,118.9404
2023-02-02,LONG,"[101, 102, 122, 140, 150]","[177, 192, 200]",187.267,196.726,182.556,188.267,95.5449
2023-02-03,LONG,"[112, 122, 133, 144, 150, 160]","[180, 190, 194, 200]",183.937,198.977,183.667,189.917,104.22
2023-02-04,SHORT,"[177, 180, 181, 380]","[190, 195, 197, 200, 210, 220, 410]",183.937,198.977,183.667,189.917,104.22
2023-02-05,SHORT,"[100, 122, 140, 144, 150, 162, 177, 180]","[192, 199, 200]",183.937,198.977,183.667,189.917,104.22
2023-02-08,,[],"[195, 198, 200, 210, 220]",195.987,202.816,194.316,201.186,95.7303
2023-02-09,SHORT,"[100, 120, 150]","[200, 210, 220]",207.657,213.977,204.736,207.217,124.4115
2023-02-10,,"[100, 150, 200]","[210, 220, 230]",202.136,206.146,192.896,196.737,107.0775
2023-02-11,SHORT,"[144, 150, 160, 170]","[207, 210, 214, 220, 226, 230]",202.136,206.146,192.896,196.737,107.0775
2023-02-12,SHORT,"[144, 145, 158, 160]","[200, 208, 210, 215]",202.136,206.146,192.896,196.737,107.0775
2023-02-15,SHORT,"[140, 150, 160, 170, 180, 185]","[197, 200]",211.746,214.637,206.106,214.046,94.7646
2023-02-16,SHORT,[150],"[210, 213, 220]",210.687,217.617,201.796,201.907,169.3026
2023-02-17,SHORT,"[140, 150, 160, 166, 170]","[214, 215, 220, 225, 230]",199.986,208.407,197.487,208.176,170.5617
2023-02-18,SHORT,"[146, 150, 155, 160, 170, 180, 185, 190, 200]","[210, 214, 217, 218, 220]",199.986,208.407,197.487,208.176,170.5617
2023-02-19,SHORT,"[122, 144, 146, 150, 155, 160, 170, 180, 181, 185, 190, 200]","[210, 212, 213, 214, 217, 220, 222, 265]",199.986,208.407,197.487,208.176,170.5617
2023-02-23,SHORT,"[145, 146, 160, 185, 190]","[200, 210, 213, 230]",203.796,205.057,196.316,201.946,117.8946
2023-02-24,SHORT,"[140, 160, 187, 190]","[200, 201, 202, 203, 205, 207, 208, 210, 213]",196.296,197.646,192.787,196.797,149.211
2023-02-25,,"[145, 160, 174, 190, 191.9, 192]","[205, 210, 216, 220, 222]",196.296,197.646,192.787,196.797,149.211
2023-02-26,SHORT,[190],[200],196.296,197.646,192.787,196.797,149.211
2023-03-01,SHORT,"[197, 200]","[208, 209.43, 210, 213, 215]",205.996,207.177,198.497,202.587,116.5728
2023-03-02,SHORT,[200],"[210, 213, 215]",186.677,193.707,186.006,190.926,124.488
2023-03-03,SHORT,"[145, 150, 160, 180, 190, 200]","[213, 215, 216]",194.696,200.457,192.876,197.867,84.933
2023-03-04,SHORT,"[145, 160, 170, 173, 177, 177.5, 180, 190, 191, 192]","[197, 200, 218]",194.696,200.457,192.876,197.867,84.933
2023-03-05,SHORT,"[145, 160]","[200, 203, 408]",194.696,200.457,192.876,197.867,84.933
2023-03-08,SHORT,"[145, 160, 177, 180, 185, 190]",[205],184.946,186.416,179.996,181.967,122.9625
2023-03-09,SHORT,"[145, 160, 177, 180]","[185, 186, 187, 190]",180.177,185.127,172.496,172.816,137.8638
2023-03-10,SHORT,"[145, 162, 180]","[187, 190, 191, 192]",174.987,178.266,168.426,173.296,117.0153
2023-03-11,SHORT,"[130, 145, 146, 160, 180]","[185, 187, 190]",174.987,178.266,168.426,173.296,117.0153
2023-03-12,SHORT,"[145, 150, 162, 168, 173]",[190],174.987,178.266,168.426,173.296,117.0153
2023-03-15,SHORT,"[145, 160, 171, 173]","[176, 184, 190]",180.736,182.296,176.006,180.237,206.4216
2023-03-16,LONG,"[145, 146, 150, 174, 175]","[190, 213, 214]",180.197,185.747,178.826,184.017,135.1956
2023-03-17,LONG,[180],"[187, 188, 190, 192]",184.386,186.147,177.316,180.007,141.6732
2023-03-18,SHORT,[],"[187, 190, 192]",184.386,186.147,177.316,180.007,141.6732
2023-03-19,SHORT,[177],"[186, 190, 210]",184.386,186.147,177.316,180.007,141.6732
2023-03-22,SHORT,"[145, 160, 170]","[183, 200, 210, 215]",199.246,200.606,190.917,190.917,128.4432
2023-03-23,SHORT,"[180, 185, 190]","[200, 210, 214, 215]",195.247,199.277,188.606,192.156,175.0272
2023-03-24,SHORT,"[180, 183, 185, 187]","[200, 210, 215]",191.497,192.277,187.147,190.316,125.8848
2023-03-25,,"[140, 186, 187, 188, 190]","[200, 210, 215]",191.497,192.277,187.147,190.316,125.8848
2023-03-26,,"[145, 160, 187, 188, 190, 215]","[200, 210]",191.497,192.277,187.147,190.316,125.8848
2023-03-29,,"[120, 125, 135, 145, 150, 188]","[200, 210, 215]",192.957,195.247,189.436,193.817,123.6036
2023-03-30,,"[186, 187]","[200, 210, 215]",195.516,197.277,194.396,195.177,104.4684
2023-03-31,SHORT,"[145, 155, 186]","[195, 200, 210, 215]",197.497,207.767,197.196,207.317,146.4084
2023-04-01,SHORT,"[145, 155, 160, 186]","[197.5, 200, 210, 215]",197.497,207.767,197.196,207.317,146.4084
2023-04-02,SHORT,[],"[210, 215]",197.497,207.767,197.196,207.317,146.4084
2023-04-05,,"[150, 167, 185, 187]","[200, 210, 215]",190.496,190.617,183.746,185.397,142.692
2023-04-06,,"[150, 160, 186, 187]","[191, 197, 200]",183.006,186.347,179.726,185.226,120.78
2023-04-07,SHORT,"[145, 150, 155, 160, 180, 185]","[192.5, 200, 215]",183.006,186.347,179.726,185.226,120.78
2023-04-08,SHORT,[180],[192],183.006,186.347,179.726,185.226,120.78
2023-04-12,,"[176, 180, 185]","[190, 200]",190.697,191.537,180.296,180.486,96.4488
2023-04-13,,[180],"[190, 200]",182.746,186.467,180.897,185.786,81.468
2023-04-14,,"[171, 176, 180]","[191.5, 192, 200]",183.807,186.226,181.996,184.956,75.732
2023-04-15,,"[145, 160, 166, 180]","[186, 189, 190, 195, 200, 415, 416]",183.807,186.226,181.996,184.956,75.732
2023-04-16,SHORT,"[145, 150, 167, 182, 183]","[186, 207, 210, 265]",183.807,186.226,181.996,184.956,75.732
2023-04-19,,[186],"[190, 195, 200]",179.096,183.487,177.667,180.437,63.888
2023-04-20,,"[170, 180]","[191, 199, 200, 220, 230]",166.127,169.516,160.556,162.927,103.2612
2023-04-21,,"[160, 165, 167, 180]","[185, 200]",164.796,165.987,161.307,164.986,95.2104
2023-04-22,SHORT,"[135, 145, 146, 150, 155]","[167, 170, 180, 200]",164.796,165.987,161.307,164.986,95.2104
2023-04-23,LONG,"[146, 160]","[172, 176, 178, 180, 184]",164.796,165.987,161.307,164.986,95.2104
2023-04-27,LONG,"[140, 150, 155, 157, 160]","[20, 175]",152.537,160.447,152.346,159.876,84.7944
2023-04-28,SHORT,"[145, 150]",[170],160.636,164.957,157.266,164.227,91.7184
2023-04-29,SHORT,"[145, 146]","[160, 170]",160.636,164.957,157.266,164.227,91.7184
2023-04-30,LONG,"[151, 152, 167]","[170, 171, 172, 173, 175, 176, 180, 420]",160.636,164.957,157.266,164.227,91.7184
2023-05-03,LONG,"[107, 140, 145, 158, 159, 160]","[165, 166, 167, 170, 180]",159.896,164.977,159.896,160.557,110.8464
2023-05-04,SHORT,[158],"[165, 166, 167, 170, 175, 180]",162.667,162.907,159.646,161.147,82.5504
2023-05-05,SHORT,[159],"[165, 166, 167, 170]",163.937,170.746,163.516,170.056,74.574
2023-05-06,,[145],"[170, 171, 180]",163.937,170.746,163.516,170.056,74.574
2023-05-07,LONG,"[152, 165]","[170, 173, 175, 180, 184]",163.937,170.746,163.516,170.056,74.574
2023-05-10,SHORT,"[165, 167, 170]","[174, 175.6, 180]",172.427,174.367,166.677,168.457,169.8732
2023-05-11,LONG,[165],"[172, 177, 180]",168.676,173.536,166.767,172.006,156.2868
2023-05-12,,"[165, 166.6, 167]","[174, 180]",176.056,177.346,167.207,167.917,154.3573
2023-05-13,,"[166.6, 170]","[173.5, 174, 180]",176.056,177.346,167.207,167.917,154.3573
2023-05-14,SHORT,"[140, 150, 166, 167]","[170, 171, 177.5, 180]",176.056,177.346,167.207,167.917,154.3573
2023-05-17,SHORT,"[126, 145, 154, 160]","[170, 172, 173]",168.357,174.476,167.146,173.757,131.4687
2023-05-18,SHORT,"[145, 153, 160]",[170],174.156,177.037,172.427,176.817,94.1532
2023-05-19,SHORT,"[140, 150, 174]","[174, 180, 417]",177.027,181.926,176.296,180.067,101.2128
2023-05-20,,"[144, 153, 170, 172, 174]","[50, 180, 180.52, 184]",177.027,181.926,176.296,180.067,101.2128
2023-05-21,,"[140, 150, 160, 170, 173, 178]","[180, 184.34, 185, 190, 200]",177.027,181.926,176.296,180.067,101.2128
2023-05-24,LONG,"[145, 150, 167, 180, 184]","[190, 195, 200, 207, 210]",182.136,184.196,178.206,182.826,90.8268
2023-05-25,SHORT,"[145, 152, 160, 172, 174, 175, 178, 180]","[193, 195, 200, 202, 212, 215, 240, 300]",186.367,186.746,180.576,184.327,119.2596
2023-05-26,LONG,"[170, 173, 174, 175, 178.22]","[185.79, 186, 192, 200]",184.496,198.587,184.496,193.227,89.2728
2023-05-27,SHORT,"[172, 173, 175, 177.65, 178.2]","[185, 186, 200]",184.496,198.587,184.496,193.227,89.2728
2023-05-28,,"[160, 175, 179, 180]",[200],184.496,198.587,184.496,193.227,89.2728
2023-06-01,,"[165, 180, 195]","[200, 207, 210, 215, 218]",202.546,209.787,199.346,207.406,136.056
2023-06-02,,"[40.5, 41, 180, 190, 196, 199, 200]","[204.4, 207, 210, 215, 218, 220]",210.006,217.207,209.696,213.907,127.5852
2023-06-03,,"[180, 185, 187, 190, 196, 207.5]","[208, 210, 215, 220]",210.006,217.207,209.696,213.907,127.5852
2023-06-04,,"[180, 184, 185, 190, 192, 193, 202]",[215],210.006,217.207,209.696,213.907,127.5852
2023-06-07,,"[180, 185, 190, 193, 205, 210, 212]",[221],227.986,230.787,223.196,224.496,129.0468
2023-06-08,,"[190, 200, 210, 216, 217]","[222, 227]",224.057,235.217,222.996,234.736,108.0876
2023-06-09,,"[177, 185, 190, 210, 221.3]","[240, 300]",248.977,252.327,241.996,244.337,138.504
2023-06-10,,"[223, 230]","[190, 236, 240]",248.977,252.327,241.996,244.337,138.504
2023-06-11,,"[190, 200, 202, 214, 230, 234, 241]","[246.7, 250, 252.4, 265]",248.977,252.327,241.996,244.337,138.504
2023-06-14,,"[200, 215, 235]","[250, 252, 252.5, 265]",260.127,261.526,250.406,256.697,113.2656
2023-06-15,LONG,"[206, 219, 235, 250]","[260, 265, 285, 290]",248.437,258.927,247.126,255.747,160.0764
2023-06-16,,"[200, 215, 220, 234]",[265],258.566,263.587,257.196,260.326,151.6812
2023-06-17,SHORT,"[200, 215, 220]",[265],258.566,263.587,257.196,260.326,151.6812
2023-06-18,SHORT,"[220, 250]","[265, 280, 300]",258.566,263.587,257.196,260.326,151.6812
2023-06-22,,"[215, 220, 230, 234]",[280],250.676,264.756,248.196,264.516,153.7008
2023-06-23,SHORT,"[152, 164, 215, 220, 230, 250, 260]","[265, 279.7, 280]",259.126,262.417,252.797,256.406,149.5668
2023-06-24,,"[220, 230, 250]","[265, 275, 280]",259.126,262.417,252.797,256.406,149.5668
2023-06-25,SHORT,"[215, 220, 230, 247, 250, 255]","[260, 263, 265, 275, 280]",259.126,262.417,252.797,256.406,149.5668
2023-06-28,SHORT,"[210, 215, 220, 234, 235, 242, 243]","[247, 250, 255]",249.717,259.837,248.877,256.367,161.43
2023-06-29,,"[207, 237, 247, 250]",[253],257.996,260.727,253.606,257.407,154.3176
2023-06-30,,"[230, 250]","[260, 265]",260.527,264.406,259.846,261.636,92.1324
2023-07-01,,"[225, 230, 240, 254]","[258, 260, 265, 280, 300]",260.527,264.406,259.846,261.636,92.1324
2023-07-02,,[240],"[263, 265, 270]",260.527,264.406,259.846,261.636,92.1324
2023-07-04,,"[85, 91, 275]","[92, 280, 282, 290, 300, 315]",276.357,284.237,275.096,279.796,63.6216
2023-07-07,SHORT,"[262, 265, 275]","[282.5, 284, 285, 290]",278.426,280.667,273.746,274.257,143.676
2023-07-08,SHORT,"[220, 240, 265]","[280, 282, 370, 443]",278.426,280.667,273.746,274.257,143.676
2023-07-09,SHORT,"[210, 214, 215, 220, 234, 237, 254, 262, 265, 274, 275]",[280],278.426,280.667,273.746,274.257,143.676
2023-07-12,,"[215, 240, 241, 250, 254, 258, 262, 264, 265]","[280, 292]",276.297,276.457,271.426,271.957,140.0244
2023-07-13,,[],[],274.277,279.437,270.596,277.867,136.6716
2023-07-14,,"[276, 277, 370]","[276.5, 282, 290]",277.017,285.227,276.296,281.306,153.1296
2023-07-15,LONG,"[262, 265, 270, 273, 276]","[276, 279.5, 280, 284, 285, 290, 300, 315]",277.017,285.227,276.296,281.306,153.1296
2023-07-16,SHORT,[263],"[258, 274, 282, 284, 285, 290]",277.017,285.227,276.296,281.306,153.1296
2023-07-19,,[263],"[274, 282, 290]",296.046,299.277,289.516,291.026,147.0216
2023-07-20,,[284],"[291, 300, 312, 315]",279.546,280.827,261.146,262.866,155.5464
2023-07-21,,"[100, 269]","[296, 300, 315]",267.967,267.967,255.796,259.787,112.74
2023-07-22,SHORT,"[210, 212, 215, 240, 250, 260, 275]",[],267.967,267.967,255.796,259.787,112.74
2023-07-23,SHORT,"[220, 240, 250, 260, 275]","[272, 277]",267.967,267.967,255.796,259.787,112.74
2023-07-26,SHORT,"[220, 241, 243, 250]","[271, 282]",263.136,267.957,261.647,264.386,80.7
2023-07-27,SHORT,"[208, 226, 243]","[275, 282]",268.266,269.006,255.177,255.656,101.4089
2023-07-28,SHORT,"[210, 220, 240]","[267, 275, 280]",259.596,267.207,258.216,266.267,93.63
2023-07-29,SHORT,"[210, 220, 240, 243, 250]","[267, 273, 275]",259.596,267.207,258.216,266.267,93.63
2023-07-30,,"[165, 267]","[270, 272, 275, 280, 283, 300]",259.596,267.207,258.216,266.267,93.63
2023-08-02,SHORT,"[140, 150, 170, 200, 210, 240]","[63, 270, 275, 280, 285]",255.517,259.467,250.457,254.076,98.0508
2023-08-03,SHORT,"[205, 210, 215, 220, 240, 248]","[267, 270, 280]",251.997,260.467,251.806,259.136,114.3228
2023-08-04,SHORT,"[213, 220, 234, 241, 242, 243, 249]",[370],260.937,264.696,253.096,253.736,113.8584
2023-08-05,,[240],"[267, 270, 275, 280, 300]",260.937,264.696,253.096,253.736,113.8584
2023-08-06,SHORT,"[220, 240]",[260],260.937,264.696,253.096,253.736,113.8584
2023-08-09,,"[240, 242]","[250, 254, 255, 257, 260, 267, 270]",250.807,250.936,241.856,242.057,99.948
2023-08-10,,"[240, 250, 255]","[255, 260, 262, 264, 267, 270, 271]",245.396,251.766,242.987,245.327,111.132
2023-08-11,,"[210, 220, 235, 238, 239, 240, 242]","[250, 252, 255, 260, 262, 263, 265, 267, 270, 275, 277, 280]",241.747,243.757,238.176,242.526,100.8624
2023-08-12,,"[210, 220, 237, 238, 238.5, 239.5, 240, 242]","[250, 252, 263, 265, 270, 280]",241.747,243.757,238.176,242.526,100.8624
2023-08-13,,"[238, 239, 240]","[243, 244]",241.747,243.757,238.176,242.526,100.8624
2023-08-16,,"[192, 207, 220, 233, 235]","[240, 242, 250, 255, 260]",227.717,233.827,225.347,225.476,102.2844
2023-08-17,,"[200, 210, 220, 230]","[240, 270, 280, 300]",226.036,226.647,218.816,219.157,85.1724
2023-08-18,,"[200, 210, 220]","[240, 260]",213.887,217.516,212.357,215.557,119.0916
2023-08-19,,"[200, 203, 204, 210]","[244.5, 255, 265, 270]",213.887,217.516,212.357,215.557,119.0916
2023-08-20,,"[200, 205, 210, 212.5]","[220, 245, 266, 270]",213.887,217.516,212.357,215.557,119.0916
2023-08-30,,"[210, 220, 236, 238]","[240, 242, 245, 255, 266, 270]",254.156,260.466,250.586,256.846,101.7612
2023-08-31,,[240],"[265, 270]",255.937,261.126,255.017,257.507,79.7604
2023-09-01,,"[230, 242, 243, 245]","[260, 267, 270, 277, 280]",257.197,259.006,242.496,244.967,94.368
2023-09-03,,"[160, 225, 233, 239, 240, 242]","[250, 267, 270]",257.197,259.006,242.496,244.967,94.368
2023-09-07,SHORT,"[210, 220]","[256.49, 260, 267, 270, 300]",244.937,252.787,243.206,251.397,82.8396
2023-09-08,SHORT,"[240, 245]","[252, 265.5, 270]",251.297,256.457,246.656,248.406,87.5328
2023-09-09,,[240],"[250, 260, 270]",251.297,256.457,246.656,248.406,87.5328
2023-09-10,SHORT,"[220, 240]","[260, 270]",251.297,256.457,246.656,248.406,87.5328
2023-09-13,,"[243, 250, 266, 267]","[270, 272, 285, 300, 400]",269.756,274.906,268.097,271.186,79.1652
2023-09-14,SHORT,"[250, 266]","[270, 278, 300]",271.106,276.687,270.286,275.966,73.674
2023-09-15,,"[255, 256, 267, 270]","[275, 280, 285]",277.356,278.857,271.016,274.227,82.2888
2023-09-16,,[275],"[280, 285, 290, 300]",277.356,278.857,271.016,274.227,82.2888
2023-09-17,,[250],"[275, 280, 300]",277.356,278.857,271.016,274.227,82.2888
2023-09-20,,"[248, 248.5, 255, 260, 262, 266, 267, 270]","[267, 270, 300]",267.016,273.897,262.426,262.537,81.8724
2023-09-21,SHORT,"[200, 220, 248.5, 255, 260, 262]","[270, 274]",257.756,260.797,254.197,255.497,84.4788
2023-09-22,SHORT,"[248, 255, 260]","[267, 270, 274]",257.366,257.687,244.446,244.707,86.1492
2023-09-23,,"[220, 230, 248, 252, 253, 254, 255]","[260, 262, 270]",257.366,257.687,244.446,244.707,86.1492
2023-09-24,,"[210, 238, 239, 240, 242]","[255, 260, 278]",257.366,257.687,244.446,244.707,86.1492
2023-09-27,,[240],"[255, 260]",244.287,245.257,234.557,240.476,98.3952
2023-09-28,,"[230, 239.99, 240]","[250, 255, 260]",240.186,247.476,238.596,246.287,88.5552
2023-09-29,,"[230, 235, 242.5]",[240],249.796,254.727,246.346,250.167,92.3244
2023-09-30,LONG,"[230, 235, 242.5, 243]","[250, 251, 253, 255, 260]",249.796,254.727,246.346,250.167,92.3244
2023-10-01,,[250],[260],249.796,254.727,246.346,250.167,92.3244
2023-10-04,,"[235, 240]",[260],248.056,261.827,247.506,261.007,99.396
2023-10-05,,"[170, 200, 235, 240, 242, 244]","[250.5, 252, 257.5, 258, 275, 280, 300]",259.906,263.576,256.236,259.927,89.85
2023-10-06,,[255],"[260, 261, 262.5, 263]",253.856,261.627,250.647,260.436,93.7836
2023-10-07,,[255],"[260, 263]",253.856,261.627,250.647,260.436,93.7836
2023-10-08,LONG,"[250, 251]","[263, 270, 280]",253.856,261.627,250.647,260.436,93.7836
2023-10-11,,[255],"[260, 261, 262, 263, 270]",266.186,268.567,260.887,262.926,94.968
2023-10-12,LONG,"[262, 263]","[267, 270, 280]",262.797,265.367,256.626,258.846,104.6988
2023-10-13,,"[240, 250, 260]","[270, 280]",258.797,259.516,250.216,251.006,107.3664
2023-10-14,,"[240, 255]","[260, 270]",258.797,259.516,250.216,251.006,107.3664
2023-10-15,SHORT,"[200, 210, 240, 250, 251, 253]","[270, 300]",258.797,259.516,250.216,251.006,107.3664
2023-10-18,,"[210, 234, 235, 240, 241, 242, 245, 246, 250, 251]","[256, 265, 270, 280, 300]",252.767,254.577,242.066,242.396,109.0956
2023-10-19,,"[240, 242, 246, 247, 250, 252]","[256, 265, 270]",225.786,230.506,216.766,220.027,123.8961
2023-10-20,LONG,"[240, 242, 246, 247]",[],216.827,218.797,210.416,211.896,87.711
2023-10-21,,"[150, 160, 180, 200, 207, 210]","[240, 250]",216.827,218.797,210.416,211.896,87.711
2023-10-22,,"[200, 206, 207, 210]","[240, 242]",216.827,218.797,210.416,211.896,87.711
2023-10-25,,"[175, 202, 205, 206, 207]","[213, 215, 216, 230, 232, 260]",215.827,220.067,212.176,212.347,115.6332
2023-10-26,SHORT,"[180, 203, 204, 205, 206, 207, 210, 212]","[216, 230, 240, 242, 266]",211.266,214.747,204.866,205.587,117.2272
2023-10-27,LONG,"[180, 200, 205, 210, 212]","[220, 230, 240]",210.496,212.357,205.756,207.217,121.6296
2023-10-28,LONG,"[180, 200]","[210, 215, 220, 230, 240]",210.496,212.357,205.756,207.217,121.6296
2023-10-29,,[180],"[200, 215, 216, 220, 233, 240]",210.496,212.357,205.756,207.217,121.6296
2023-11-01,LONG,"[180, 185]","[200, 205]",204.017,205.967,197.827,205.536,107.9496
2023-11-02,LONG,"[180, 190]","[205, 206, 210, 212, 217, 220, 230, 240, 252, 255]",212.896,219.167,211.436,218.497,91.0248
2023-11-03,LONG,[],"[205, 206, 210, 212, 220, 230, 240, 242, 250, 255]",221.147,226.326,218.396,219.867,108.222
2023-11-04,LONG,"[206, 212]","[220, 225, 230, 240, 242, 244, 250, 251]",221.147,226.326,218.396,219.867,108.222
2023-11-05,LONG,"[194, 206, 210, 212, 218]","[220, 230, 240, 242, 250]",221.147,226.326,218.396,219.867,108.222
2023-11-08,SHORT,"[206, 208, 210, 212, 218, 219]","[220, 221, 223, 224, 225]",223.006,224.077,217.626,222.036,85.236
2023-11-09,,"[206, 212, 215, 216, 217, 218]","[222.3, 230, 250]",219.516,220.706,206.667,209.856,113.964
2023-11-10,,"[200, 206, 208, 210, 212, 215, 216, 217]","[223, 224, 225, 230, 235, 240, 242]",209.917,215.347,205.587,214.617,97.7412
2023-11-11,SHORT,"[180, 200, 205.73, 206]","[210, 212, 214, 215, 217.5, 218]",209.917,215.347,205.587,214.617,97.7412
2023-11-12,,"[180, 194, 195, 200]","[220, 221, 230, 240]",209.917,215.347,205.587,214.617,97.7412
2023-11-15,LONG,"[218, 219, 220]",[225],238.896,246.656,236.417,242.837,110.0712
2023-11-16,SHORT,[223],"[240, 241, 242, 245, 250]",239.376,240.816,230.947,233.357,110.748
2023-11-17,SHORT,"[220, 230, 241]","[245, 248.2]",231.976,237.346,226.536,234.346,118.548
2023-11-18,LONG,"[222, 225, 230]","[240, 245, 247]",231.976,237.346,226.536,234.346,118.548
2023-11-19,LONG,"[222, 225, 226]","[240.5, 250, 270, 275, 280, 300]",231.976,237.346,226.536,234.346,118.548
2023-11-22,,"[220, 223, 225, 227]","[240, 242, 248, 250, 255, 260, 265]",241.776,243.947,231.436,234.336,116.952
2023-11-23,LONG,[240],"[248, 250, 255, 260]",241.776,243.947,231.436,234.336,116.952
2023-11-24,LONG,"[223, 225, 230]","[240, 250, 255, 260, 265]",233.726,238.727,232.306,237.297,43.9488
2023-11-25,LONG,"[225, 226, 230]",[240],233.726,238.727,232.306,237.297,43.9488
2023-11-29,,"[195, 215, 216, 220, 223, 230]","[240, 250, 260]",248.897,252.726,242.737,244.146,89.826
2023-11-30,LONG,"[230, 240]","[250, 251, 252, 253, 265]",244.716,245.106,236.876,239.477,85.0548
2023-12-01,LONG,"[230, 233, 234, 238, 244, 250]","[243, 250, 252.75]",232.896,240.157,231.896,238.317,87.606
2023-12-02,LONG,"[230, 233.5, 238, 240, 250]","[250, 260, 270]",232.896,240.157,231.896,238.317,87.606
2023-12-03,LONG,"[194, 211, 216, 224, 227, 228, 230]","[240, 250]",232.896,240.157,231.896,238.317,87.606
2023-12-06,LONG,"[205, 224, 230, 234]","[240, 242, 245, 250]",242.747,246.517,239.146,239.297,106.206
2023-12-07,,"[226, 230, 231.5]","[240, 242, 245, 249, 250, 260, 270]",241.406,244.037,236.876,242.547,82.5288
2023-12-08,LONG,"[200, 209, 210, 215, 230, 233, 234]","[246.5, 247, 250]",240.137,245.236,239.266,243.657,98.4828
2023-12-09,LONG,"[195, 230]","[243, 246, 247, 250]",240.137,245.236,239.266,243.657,98.4828
2023-12-10,,"[230, 236, 240]","[243, 246.12, 260, 270]",240.137,245.236,239.266,243.657,98.4828
2023-12-13,,"[200, 213, 224, 226, 230, 237]","[247, 250, 270]",234.106,240.266,228.196,239.097,130.1688
2023-12-14,LONG,[233.8],[237],241.096,253.857,240.576,251.067,91.1304
2023-12-15,LONG,"[228, 230, 239]","[240, 242, 243, 245, 246]",250.756,254.077,248.246,253.097,85.3764
2023-12-16,LONG,[251],"[260, 262, 265]",250.756,254.077,248.246,253.097,85.3764
2023-12-17,LONG,[250],"[260, 265, 270]",250.756,254.077,248.246,253.097,85.3764
2023-12-20,LONG,"[240, 245, 246, 252]",[265],256.016,259.797,246.636,247.056,67.6818
2023-12-21,,"[105, 240]","[258, 260, 265]",251.796,254.767,248.536,254.436,87.7197
2023-12-22,LONG,"[214, 220, 230, 240, 242, 243, 245]","[260, 265]",256.647,258.127,251.366,252.497,63.972
2023-12-23,LONG,"[242, 247, 255]","[253.5, 265]",256.647,258.127,251.366,252.497,63.972
2023-12-24,LONG,"[230, 240, 250]","[258, 260, 265]",256.647,258.127,251.366,252.497,63.972
2023-12-28,,[250],"[258, 260, 265]",263.626,265.047,252.656,253.207,68.6802
2023-12-29,LONG,"[26, 258]","[265, 270, 280]",254.866,255.057,247.396,248.347,85.5744
2023-12-30,,"[230, 240, 254]",[265],254.866,255.057,247.396,248.347,85.5744
2023-12-31,,"[215, 220, 230, 237, 240]","[254, 258, 265, 270]",254.866,255.057,247.396,248.347,85.5744
2024-01-04,,"[235, 240]","[260, 265]",238.996,242.657,237.706,237.967,79.0644
2024-01-05,LONG,"[230, 236, 237]","[240, 241, 242, 245, 246, 265]",236.726,240.067,234.996,237.406,81.9984
2024-01-06,,"[230, 236]","[240, 242, 245, 246, 270]",236.726,240.067,234.996,237.406,81.9984
2024-01-07,,"[230, 237]","[240, 242, 245]",236.726,240.067,234.996,237.406,81.9984
2024-01-10,,[230],"[246.5, 250, 265]",235.047,235.426,231.247,233.647,69.8736
2024-01-11,,[230],[250],230.466,230.887,225.346,227.037,85.8381
2024-01-12,LONG,"[226, 230, 231, 231.5, 232]","[236, 237, 240, 244, 248, 252]",219.887,225.307,217.146,218.306,89.796
2024-01-13,,[224],"[233, 234, 245, 277]",219.887,225.307,217.146,218.306,89.796
2024-01-14,,"[211.3, 218]","[240, 265]",219.887,225.307,217.146,218.306,89.796
2024-01-18,,"[100, 218]","[28.5, 231, 237, 238, 242, 270]",216.547,217.307,208.697,211.816,78.1608
2024-01-19,LONG,[212.5],"[218.5, 240]",209.726,213.157,207.556,212.097,67.7586
2024-01-20,,"[150, 170, 180, 193, 208, 210, 212, 212.5]","[218.5, 220, 230]",209.726,213.157,207.556,212.097,67.7586
2024-01-21,,"[195, 200, 212.2]",[230],209.726,213.157,207.556,212.097,67.7586
2024-01-24,,"[194, 217]",[220],211.767,212.667,206.766,207.797,64.164
2024-01-25,,"[170, 180, 200, 210]","[213, 214]",189.477,192.616,180.046,182.546,80.8707
2024-01-26,,"[194, 195, 206]","[230, 235, 240, 250, 260]",185.396,186.456,182.096,183.206,59.4297
2024-01-27,SHORT,"[176, 178]","[180, 195, 200, 210, 220, 232]",185.396,186.456,182.096,183.206,59.4297
2024-01-28,LONG,"[176, 177]","[200, 212, 222, 230, 232]",185.396,186.456,182.096,183.206,59.4297
2024-01-31,,[182],"[195, 200, 210, 215, 220, 230]",186.887,193.877,185.796,187.196,76.3812
2024-02-01,LONG,"[177, 180]","[195, 200]",188.277,189.776,184.236,188.816,60.609
2024-02-02,LONG,"[177, 180]","[195, 196, 200, 210, 220, 230]",184.967,188.647,182.176,187.747,74.9136
2024-02-03,LONG,"[113, 132, 143, 177, 180]","[191, 195, 210, 212, 222, 227, 232, 234, 248]",184.967,188.647,182.176,187.747,74.9136
2024-02-04,,[182],"[188, 195, 207, 209]",184.967,188.647,182.176,187.747,74.9136
2024-02-07,LONG,"[175, 176, 180]","[185, 195, 210, 219, 230]",188.146,189.767,182.666,187.507,91.356
2024-02-08,LONG,"[175, 176, 180, 190]","[195, 210, 220, 230]",188.866,191.587,185.547,189.467,64.1424
2024-02-09,LONG,"[170, 180, 181, 183, 184]","[190, 194, 195, 210]",190.146,194.037,189.386,193.537,56.3508
2024-02-10,,"[182, 422]",[191],190.146,194.037,189.386,193.537,56.3508
2024-02-11,LONG,"[189, 190, 194, 195]","[207, 220, 230, 232, 233, 235, 265]",190.146,194.037,189.386,193.537,56.3508
2024-02-14,LONG,"[182, 183]","[194, 195]",185.007,188.856,183.337,188.447,62.016
2024-02-15,LONG,"[177.75, 180, 182]","[194, 195]",189.166,200.867,188.796,200.446,74.088
2024-02-16,LONG,"[180, 182]","[193, 195, 196, 210, 230]",201.997,203.127,197.376,199.917,79.1556
2024-02-17,LONG,"[193, 195]","[205, 210, 230, 245]",201.997,203.127,197.376,199.917,79.1556
2024-02-18,LONG,"[195, 202]","[207, 210, 212, 220, 230, 250]",201.997,203.127,197.376,199.917,79.1556
2024-02-22,,"[190, 191, 193, 195]","[197, 209, 210]",194.107,198.297,191.336,197.256,84.7239
2024-02-23,,"[193, 194, 195]","[197, 200, 207, 210]",195.296,197.507,191.706,191.816,102.732
2024-02-24,LONG,"[177, 194, 195]","[207, 210, 220, 230]",195.296,197.507,191.706,191.816,102.732
2024-02-25,,"[160, 170, 180, 185]","[191.8, 197]",195.296,197.507,191.706,191.816,102.732
2024-02-28,LONG,"[182, 194, 196]","[200, 207, 209, 210, 220, 230, 234]",200.097,205.257,198.377,202.017,64.2324
2024-02-29,,"[180, 193, 195, 196, 197, 198]","[202, 203, 207, 210, 220, 230, 250]",204.177,205.217,198.437,201.716,70.602
2024-03-01,,"[198, 198.23, 200, 200.34, 201]","[202.5, 205.62, 207, 210, 230]",200.416,204.467,198.496,202.567,67.5864
2024-03-02,,"[195, 198]","[205, 206, 207, 208]",200.416,204.467,198.496,202.567,67.5864
2024-03-03,,"[197.5, 198]","[204, 205.5]",200.416,204.467,198.496,202.567,67.5864
2024-03-06,,"[160, 170, 175, 180]","[196, 198, 200, 220]",179.996,181.477,173.696,176.437,69.9211
2024-03-07,,"[160, 170, 180]","[182, 188, 191, 193, 195, 198, 205, 230, 240]",174.146,179.987,173.696,178.576,60.9612
2024-03-08,,"[165, 172]","[180, 190]",181.396,182.577,174.696,175.336,73.8981
2024-03-09,,"[165, 170, 174]","[180, 183, 190]",181.396,182.577,174.696,175.336,73.8981
2024-03-10,,"[160, 162, 165, 173, 175, 175.34, 180]",[],181.396,182.577,174.696,175.336,73.8981
2024-03-13,,"[100, 111.14, 160, 165, 174.5, 175]","[182, 188, 190]",172.977,175.927,169.146,169.477,55.25
2024-03-14,,"[160, 165, 175]","[180, 182, 190]",167.606,171.127,160.506,162.506,62.1902
2024-03-15,,"[107, 150, 160, 165, 169.4, 169.5]","[175, 180, 190, 200]",162.937,165.157,160.766,163.536,50.9915
2024-03-16,SHORT,"[69, 100, 130, 140, 150]","[165, 166, 170, 180]",162.937,165.157,160.766,163.536,50.9915
2024-03-17,SHORT,"[70, 100, 140, 150, 152]","[164, 165, 167, 168, 182, 198, 205]",162.937,165.157,160.766,163.536,50.9915
2024-03-20,,"[140, 150, 160, 165]","[175, 180, 185, 206]",172.856,176.227,170.796,175.697,80.7684
2024-03-21,,"[140, 150, 160, 167.5]","[173, 175, 182, 183]",176.296,178.106,171.796,172.746,61.4532
2024-03-22,,"[150, 160, 167.5, 173, 175]","[175.73, 181, 182, 183, 184, 185, 205, 206]",166.577,171.166,166.207,170.707,49.7886
2024-03-23,,"[160, 173.7]","[175, 180]",166.577,171.166,166.207,170.707,49.7886
2024-03-24,SHORT,"[140, 150, 160, 165.9]","[178.18, 180, 185, 190]",166.577,171.166,166.207,170.707,49.7886
2024-03-27,,"[140, 150, 166, 167, 168, 170]","[175, 180]",181.386,181.847,175.996,179.837,62.7792
2024-03-28,,"[174.5, 175]","[178.18, 183, 192]",177.167,179.517,175.306,175.957,56.2248
2024-03-29,LONG,"[160, 173, 174.3, 175]","[183.5, 205, 230, 240]",177.167,179.517,175.306,175.957,56.2248
2024-03-30,,"[140, 160, 173, 174, 175]","[183, 185, 188, 205]",177.167,179.517,175.306,175.957,56.2248
2024-04-03,,"[140, 150, 170, 172.5, 175]","[175.67, 175.69, 185]",164.033,168.787,163.267,168.337,55.71
2024-04-04,,"[140, 150, 166.25]","[171, 175, 183]",170.046,177.156,167.996,171.046,72.054
2024-04-05,,"[140, 150, 160]","[172, 175, 183, 205, 230]",168.996,170.827,160.506,164.847,77.7984
2024-04-06,,"[140, 150, 160, 167]","[175, 182, 183, 200]",168.996,170.827,160.506,164.847,77.7984
2024-04-07,,"[140, 150, 160]","[170, 173, 174, 175, 183.5, 200]",168.996,170.827,160.506,164.847,77.7984
2024-04-10,,"[165, 167, 169]","[173, 174.5, 175, 183.5]",172.996,174.897,169.996,171.736,71.076
2024-04-11,LONG,"[173, 175]","[182.5, 183, 200, 205, 260]",172.426,175.866,168.506,174.507,69.222
2024-04-12,,"[160, 165, 167.5, 169, 170.69]",[183],172.266,173.717,170.356,170.996,53.8188
2024-04-13,,"[160, 162.5, 167.5, 168.5]","[175, 179, 183]",172.266,173.717,170.356,170.996,53.8188
2024-04-14,,"[160, 168.5]","[175, 179, 183]",172.266,173.717,170.356,170.996,53.8188
2024-04-17,,"[140, 150, 160.5, 168.5]","[179, 183]",157.597,158.296,153.767,155.367,72.15
2024-04-18,,"[125, 140, 144, 150]","[160, 167.5]",151.097,152.177,148.666,149.826,55.095
2024-04-19,,"[140, 150, 152, 154]","[160, 170]",148.637,150.886,146.206,147.007,75.5076
2024-04-20,,"[140, 144.43]","[153, 154, 160]",148.637,150.886,146.206,147.007,75.5076
2024-04-21,,"[140, 150]","[160, 183]",148.637,150.886,146.206,147.007,75.5076
2024-04-24,,[140],"[152, 160, 180, 182, 200]",162.617,167.927,157.527,161.976,71.0751
2024-04-25,,"[100, 120, 138, 140]","[160, 180, 183, 230]",158.847,170.767,158.356,170.197,66.204
2024-04-26,LONG,"[150, 154, 160]","[172, 180, 183]",168.856,172.097,166.366,168.226,55.3602
2024-04-27,LONG,"[150, 160, 170]","[172, 180, 183, 190, 230]",168.856,172.097,166.366,168.226,55.3602
2024-04-28,,"[150, 155, 160, 162, 168.29, 172, 176.69, 177]","[172, 180, 182, 230]",168.856,172.097,166.366,168.226,55.3602
2024-05-01,LONG,"[140, 160, 170, 172, 175, 183]","[183, 198, 205, 220, 230]",181.826,185.807,178.997,179.887,59.8086
2024-05-02,LONG,"[161, 170, 173, 175, 180, 181, 182, 183]",[190],182.896,184.527,175.996,179.977,53.2962
2024-05-03,LONG,"[160, 173, 175, 183]",[200],182.097,184.717,178.416,181.117,49.8114
2024-05-04,,"[168, 170, 172, 175, 176]","[190, 194, 200, 220, 230]",182.097,184.717,178.416,181.117,49.8114
2024-05-05,SHORT,"[168, 172, 173]","[145, 185, 190, 205, 230]",182.097,184.717,178.416,181.117,49.8114
2024-05-08,SHORT,"[170, 175]","[184.73, 185.5, 186, 187, 190, 200, 205]",171.507,176.016,170.136,174.607,37.8117
2024-05-09,SHORT,"[172, 173, 175, 176]","[190, 195]",175.016,175.536,171.366,171.897,36.453
2024-05-10,LONG,"[160, 168.3, 170, 172]","[179, 183, 185, 205, 220, 230]",172.776,173.007,167.746,168.426,42.3702
2024-05-11,LONG,"[160, 163, 168.38, 170]","[177, 183, 185, 199, 205, 220, 230]",172.776,173.007,167.746,168.426,42.3702
2024-05-12,,"[140, 160, 162, 163, 167.5, 168.5]","[170, 172, 173, 177, 180, 185]",172.776,173.007,167.746,168.426,42.3702
2024-05-15,LONG,"[160, 163, 167, 168.5, 170]","[175, 176, 177, 180, 185, 187, 200, 205]",179.896,179.906,173.097,173.937,41.1546
2024-05-16,LONG,"[170, 171, 172, 173]","[177, 180, 183, 191]",174.036,175.757,171.427,174.797,38.8464
2024-05-17,,"[140, 160, 163, 168, 170, 172]","[180, 185, 205, 220, 230]",173.526,179.617,172.727,177.566,42.1548
2024-05-18,,"[160, 163, 168, 170, 171, 172]","[180, 182, 185, 190, 205, 430, 440, 515, 520]",173.526,179.617,172.727,177.566,42.1548
2024-05-19,LONG,"[160, 163, 168.5, 169, 170, 171, 172, 174, 175]","[180, 190, 200, 205]",173.526,179.617,172.727,177.566,42.1548
2024-05-22,,"[160, 163, 168, 170, 173.5, 175]","[177.52, 180, 185, 188]",182.746,183.757,178.116,180.087,45.6257
2024-05-23,LONG,"[179.5, 180, 181, 182]",[187.25],181.696,181.697,173.246,173.727,48.8493
2024-05-24,LONG,"[175, 176, 177, 179]","[185, 200, 205]",174.796,180.056,173.696,179.117,41.8113
2024-05-25,SHORT,"[140, 145, 160, 161, 167, 168, 171, 172, 173]","[177, 182, 183, 220]",174.796,180.056,173.696,179.117,41.8113
2024-05-26,,"[160, 163, 168, 173]","[183, 185, 205, 220, 230]",174.796,180.056,173.696,179.117,41.8113
2024-05-30,,"[160, 163, 168, 170, 173]","[183, 185, 193, 198, 205]",178.217,182.636,175.366,178.707,52.1505
2024-05-31,,"[160, 163, 168, 170, 173]",[182],178.456,180.267,173.806,178.057,47.9388
2024-06-01,,"[160, 163, 168, 170, 173, 173.5, 175]","[182, 183]",178.456,180.267,173.806,178.057,47.9388
2024-06-02,,"[160, 173, 173.5]","[180, 181, 182, 183, 190, 195]",178.456,180.267,173.806,178.057,47.9388
2024-06-05,,"[160, 168, 170, 173]","[180, 181, 183, 185]",175.286,176.117,172.126,174.926,39.5217
2024-06-06,SHORT,"[160, 163, 168, 170, 173]","[181, 185, 198, 205, 220, 230]",174.346,179.707,172.726,177.496,47.5083
2024-06-07,,"[162, 163, 168, 170, 173]","[178, 180, 181, 183, 185, 200]",176.017,179.317,175.537,177.366,46.875
2024-06-08,,"[160, 163, 168, 170, 173, 175, 176]","[179, 180, 181, 183, 185]",176.017,179.317,175.537,177.366,46.875
2024-06-09,,"[160, 163, 168, 170, 173]","[179, 180, 181, 185]",176.017,179.317,175.537,177.366,46.875
2024-06-12,,"[160, 163, 168, 170, 173]","[180, 183, 185, 198, 205]",171.096,180.516,169.796,177.216,54.909
2024-06-13,,"[160, 163, 168, 170, 172, 173]","[172, 173]",188.217,190.957,181.257,182.397,59.2374
2024-06-14,,"[168, 173]","[180, 185]",185.556,185.847,176.897,177.876,45.7482
2024-06-15,LONG,"[176, 179, 181, 182]","[187, 190, 198, 205, 210]",185.556,185.847,176.897,177.876,45.7482
2024-06-16,LONG,"[175, 177, 179]","[180, 190, 191, 200, 205]",185.556,185.847,176.897,177.876,45.7482
2024-06-19,LONG,"[178, 179, 180, 183, 185]","[188.8, 191, 198, 205]",186.397,187.016,182.356,184.826,41.994
2024-06-20,LONG,"[170, 180, 181]","[186.3, 188, 189, 191, 198, 200, 205]",184.387,185.157,179.626,181.566,47.4885
2024-06-22,LONG,"[170, 179, 180, 182.5]","[188, 190, 191, 198, 200, 205]",182.176,183.906,180.666,182.936,39.675
2024-06-23,LONG,"[160, 168, 170, 172, 173, 178, 180]","[187, 191, 195, 200, 220]",182.176,183.906,180.666,182.936,39.675
2024-06-26,LONG,"[170, 177, 180, 470]","[187, 191, 200, 205, 207, 220]",186.496,197.717,186.316,196.286,69.8856
2024-06-27,LONG,[187],"[191, 200]",195.076,198.676,194.116,197.346,65.5104
2024-06-28,SHORT,"[187, 191]","[198, 205, 220]",199.496,203.167,195.216,197.896,73.7172
2024-06-29,,"[187, 191]","[205, 220]",199.496,203.167,195.216,197.896,73.7172
2024-06-30,,"[160, 168, 171, 180, 183]","[205, 220]",199.496,203.167,195.216,197.896,73.7172
2024-07-03,,"[186, 187, 191, 199, 200, 205]","[212, 220, 230]",234.557,248.306,234.216,246.537,78.5316
2024-07-04,,"[185, 187, 191, 200, 205, 212]","[230, 240, 245, 246, 260, 265]",234.557,248.306,234.216,246.537,78.5316
2024-07-07,,[250],"[255, 265]",249.826,252.157,242.406,251.266,100.308
2024-07-10,,"[200, 211, 220, 230, 245, 247, 250]","[260, 265]",262.696,267.547,257.827,263.216,90.4248
2024-07-11,,"[186, 200, 220, 240, 245]","[265, 270, 280]",263.236,270.786,239.636,240.637,134.1414
2024-07-12,,"[220, 230, 245, 250, 264.2]","[265, 268, 280, 291, 300]",235.697,251.787,233.047,247.806,91.6944
2024-07-13,SHORT,"[185, 189, 204, 210, 220, 230]","[250, 260, 270]",235.697,251.787,233.047,247.806,91.6944
2024-07-14,SHORT,"[207, 220, 230, 232]",[252],235.697,251.787,233.047,247.806,91.6944
2024-07-17,,"[232, 248]","[265, 270]",252.737,258.406,246.147,247.766,82.086
2024-07-18,,"[220, 246, 252, 253, 254]","[260, 265, 270, 280]",251.076,257.067,247.157,248.796,89.0088
2024-07-19,,"[22.5, 220, 230, 245]","[255, 257]",247.787,248.926,236.807,238.937,79.8084
2024-07-20,SHORT,"[213, 220, 230, 240]","[255, 265, 270]",247.787,248.926,236.807,238.937,79.8084
2024-07-21,SHORT,"[200, 210, 213, 215, 233]","[245, 270, 300]",247.787,248.926,236.807,238.937,79.8084
2024-07-24,,"[213, 215, 250, 251]","[265, 270]",225.017,225.917,214.637,215.626,65.0184
2024-07-25,,"[212, 213, 233, 246]",[270],216.737,225.946,216.196,220.197,76.7502
2024-07-26,LONG,"[205, 209, 210, 211, 213, 215.5]","[217, 218]",220.996,222.147,215.326,219.207,72.774
2024-07-27,,"[205, 210, 211, 215, 216]","[225, 226, 235]",220.996,222.147,215.326,219.207,72.774
2024-07-28,,"[200, 205, 210, 211, 214, 215, 216]","[225, 226, 235, 239]",220.996,222.147,215.326,219.207,72.774
2024-07-31,,"[200, 205, 215, 225, 226, 230]","[235, 237, 238.9, 245, 250, 265, 280]",227.586,234.616,226.736,231.966,65.6088
2024-08-01,,"[200, 205, 215, 224, 225, 226]","[233, 237]",227.266,231.817,214.296,216.877,84.7098
2024-08-02,LONG,"[215, 225, 226]","[233, 234, 237, 238, 245, 250, 265, 270]",214.457,216.067,205.756,207.606,69.3423
2024-08-03,,"[180, 200, 205, 215]","[225, 233]",214.457,216.067,205.756,207.606,69.3423
2024-08-04,LONG,"[140, 168, 180, 199, 206]","[240, 250, 265, 270]",214.457,216.067,205.756,207.606,69.3423
2024-08-07,SHORT,"[140, 150, 170, 182]","[203.5, 204, 205, 208]",200.737,203.407,191.396,191.556,75.84
2024-08-08,SHORT,"[100, 140, 170, 180, 193, 195, 198]","[203.5, 204, 205, 207.5, 208]",195.697,200.656,192.036,198.746,68.5344
2024-08-09,SHORT,"[150, 165, 170, 180, 182, 185, 187]","[203.5, 204, 205, 207]",196.906,200.847,195.096,199.826,66.2676
2024-08-10,,[],[],196.906,200.847,195.096,199.826,66.2676
2024-08-11,,"[180, 191.5, 195]","[201, 202, 203, 204, 207, 215, 225]",196.906,200.847,195.096,199.826,66.2676
2024-08-14,SHORT,"[170, 180, 185, 192]","[200.5, 204, 211, 215]",207.346,208.246,198.716,201.317,71.7384
2024-08-15,,"[198, 200, 202, 203]","[215, 216, 217, 218]",205.117,215.846,204.727,214.106,70.026
2024-08-16,LONG,"[170, 180, 192, 198]",[215],211.086,219.747,210.796,216.107,73.3812
2024-08-17,,"[205, 206, 207, 208, 225]","[215, 220, 235, 245, 250, 265]",211.086,219.747,210.796,216.107,73.3812
2024-08-18,,"[203, 206, 208, 216, 220]","[225, 265]",211.086,219.747,210.796,216.107,73.3812
2024-08-21,LONG,"[215, 216]","[225, 230, 265]",222.547,224.626,218.836,222.556,73.9332
2024-08-22,,"[206, 208, 214, 215, 217.5]",[230],223.937,224.727,210.296,210.447,83.31
2024-08-23,,"[203, 207, 214, 215, 219]","[223.5, 225]",214.116,221.447,214.116,220.226,98.4348
2024-08-24,,"[200, 202, 205, 208, 214, 215]","[219, 220]",214.116,221.447,214.116,220.226,98.4348
2024-08-25,LONG,"[214, 215, 220, 221]","[222, 225, 230]",214.116,221.447,214.116,220.226,98.4348
2024-08-28,SHORT,"[170, 180, 200, 203, 207]","[214, 215, 220]",209.336,211.777,202.556,205.616,74.4948
2024-08-29,LONG,"[200, 203, 207]","[214, 215, 230, 235]",209.796,214.837,205.686,205.997,73.9596
2024-08-30,LONG,"[200, 203]","[207, 214]",208.517,214.557,207.006,214.246,71.058
2024-08-31,SHORT,"[160, 170, 180, 190, 200, 203]","[214, 215, 220, 225, 235]",208.517,214.557,207.006,214.246,71.058
2024-09-01,LONG,"[182, 203]","[214.25, 225, 230, 235, 240, 265]",208.517,214.557,207.006,214.246,71.058
2024-09-05,,"[209, 210, 214]","[219, 220]",223.486,234.887,222.246,229.676,92.2824
2024-09-06,LONG,"[200, 203, 207, 211, 213, 214]","[220, 225, 230, 240]",232.326,233.446,210.296,210.296,97.9281
2024-09-07,LONG,"[223, 225]","[235, 245, 256, 260, 265]",232.326,233.446,210.296,210.296,97.9281
2024-09-08,SHORT,"[170, 180, 200, 203, 207, 215]","[214, 235]",232.326,233.446,210.296,210.296,97.9281
2024-09-11,,"[203, 207, 210, 215]","[219, 220, 222, 224, 225, 233.5]",224.306,228.377,216.796,227.696,83.2345
2024-09-12,,"[214, 219]","[222, 224, 225, 226.5, 227, 230, 233, 235, 245, 265]",224.497,231.367,223.707,229.747,79.14
2024-09-13,,"[210, 217, 219]","[233, 235]",227.726,232.616,226.236,230.007,61.0464
2024-09-14,,"[218, 219, 224, 225]","[230, 232, 233, 235]",227.726,232.616,226.236,230.007,61.0464
2024-09-15,,[226.5],"[232, 233, 235, 240, 245, 265]",227.726,232.616,226.236,230.007,61.0464
2024-09-18,,"[150, 170, 220, 221]","[232, 233, 235, 240]",229.847,235.617,226.846,226.857,102.4524
2024-09-19,,"[170, 180, 200, 207, 220]","[235, 245]",233.886,244.197,231.996,243.167,86.6628
2024-09-20,SHORT,"[221, 222]",[235],241.397,243.936,235.896,238.206,71.2824
2024-09-21,,"[232, 233, 234, 235]","[245, 247, 265]",241.397,243.936,235.896,238.206,71.2824
2024-09-22,,"[226, 232, 233, 234]","[244, 255, 260]",241.397,243.936,235.896,238.206,71.2824
2024-09-25,,"[230, 232, 233, 245]","[255, 260]",252.557,257.027,252.156,256.646,76.6452
2024-09-26,,"[160, 170, 182, 232, 233, 240]","[253, 265, 270, 280]",260.317,261.646,251.476,253.756,67.6056
2024-09-27,,"[150, 170, 233]","[260, 265, 270]",257.307,260.666,254.116,260.437,64.944
2024-09-28,SHORT,"[230, 245]",[257],257.307,260.666,254.116,260.437,64.944
2024-09-29,,"[230, 240, 254]","[261.5, 265, 270]",257.307,260.666,254.116,260.437,64.944
2024-10-02,,"[230, 240]","[262.5, 265, 270, 280, 300]",247.156,251.107,241.416,248.976,85.8912
2024-10-03,,"[230, 240, 250, 258, 265]","[270, 280, 300]",244.276,249.687,237.797,240.597,83.2716
2024-10-04,,"[180, 190, 230, 240, 249]","[265, 270]",246.367,250.917,244.576,249.917,87.7572
2024-10-05,LONG,"[230, 235]","[247.5, 250, 255, 256, 270, 271, 280]",246.367,250.917,244.576,249.917,87.7572
2024-10-06,LONG,"[230, 237, 238, 244.5, 245]","[250, 250.96, 251, 254, 255, 257, 258, 270, 280]",246.367,250.917,244.576,249.917,87.7572
2024-10-09,,"[238, 240]","[252, 253, 260, 265, 270, 280, 2552]",243.366,247.376,239.496,240.976,70.7988
2024-10-10,,"[239, 240]","[252, 253, 260, 270, 280]",241.866,242.676,232.316,238.496,63.6738
2024-10-11,,"[230, 239]","[245, 246, 247, 252, 253, 260, 270, 280, 300]",219.996,223.316,214.296,217.686,59.4621
2024-10-12,SHORT,"[150, 160, 170, 210, 220, 223, 232, 233, 235]","[240, 250]",219.996,223.316,214.296,217.686,59.4621
2024-10-13,SHORT,"[200, 217.8]","[230, 260, 270]",219.996,223.316,214.296,217.686,59.4621
2024-10-16,,"[140, 182, 202, 205, 207, 215, 217]","[220, 227, 230]",221.056,222.757,218.876,221.226,49.468
2024-10-17,,"[203, 207, 213, 215]","[220.5, 230, 250]",221.386,222.047,217.886,220.897,46.9086
2024-10-18,LONG,[220],"[225, 230]",220.737,222.227,219.307,220.427,59.7843
2024-10-19,SHORT,"[203, 207, 215]",[225],220.737,222.227,219.307,220.427,59.7843
2024-10-20,SHORT,"[203, 207, 215]",[225],220.737,222.227,219.307,220.427,59.7843
2024-10-23,,[220],"[223, 230, 260, 265, 270]",216.966,218.637,212.096,213.627,50.4153
2024-10-24,,[215],"[230, 250, 260]",244.587,262.066,242.496,260.537,68.9166
2024-10-25,,"[160, 170, 190, 195, 200, 205, 207, 215]",[220],255.966,269.467,255.276,268.386,74.7426
2024-10-26,,"[225, 230, 232, 233, 245, 250]","[265, 270]",255.966,269.467,255.276,268.386,74.7426
2024-10-27,,"[230, 240, 262, 263, 267]","[271, 272, 280, 300]",255.966,269.467,255.276,268.386,74.7426
2024-10-30,,"[235, 240, 250, 260, 263]","[271, 280]",257.946,263.336,255.816,257.567,51.5421
2024-10-31,SHORT,"[170, 180, 220, 230, 240, 250]","[260, 263]",257.936,259.636,249.266,249.706,58.908
2024-11-01,SHORT,"[220, 230, 240, 255, 256]","[260, 263, 275]",251.457,253.916,246.627,248.887,49.599
2024-11-02,,"[230, 235, 240]","[256, 263]",251.457,253.916,246.627,248.887,49.599
2024-11-03,,"[220, 230, 235, 240]","[250, 252]",251.457,253.916,246.627,248.887,49.599
2024-11-06,,"[230, 235, 240]","[250, 252]",284.647,289.487,275.557,288.517,62.3286
2024-11-07,,"[150, 225, 230, 235, 245, 250]",[253],288.827,299.706,285.307,296.606,54.0639
2024-11-08,LONG,"[230, 270, 280]","[290, 300, 313, 315]",299.116,328.586,297.546,321.016,89.9613
2024-11-09,LONG,"[230, 265, 270]","[297, 300, 315]",299.116,328.586,297.546,321.016,89.9613
2024-11-10,,"[270, 280, 300, 313, 315]","[325, 338]",299.116,328.586,297.546,321.016,89.9613
2024-11-13,,"[270, 280, 300, 325]","[364, 385, 400]",335.876,344.466,322.496,330.076,70.3209
2024-11-14,,[325],"[345, 350, 365, 383, 400]",327.616,329.907,310.306,311.086,87.8183
2024-11-15,LONG,[325],"[340, 350, 351, 352, 359, 365, 385, 400, 415]",310.536,324.567,309.206,320.497,99.0972
2024-11-16,SHORT,"[265, 270, 285, 300]",[325],310.536,324.567,309.206,320.497,99.0972
2024-11-17,SHORT,"[260, 285]",[325],310.536,324.567,309.206,320.497,99.0972
2024-11-20,,"[265, 285, 310]","[325, 350, 360, 370, 375]",345.026,346.436,334.007,341.137,61.7688
2024-11-21,LONG,[332.2],"[347.5, 350, 360, 365, 385, 400, 415]",343.817,347.887,335.246,339.526,72.8349
2024-11-22,LONG,"[310, 330, 332.5, 334.5]","[346.5, 347.2, 350, 360, 365, 385, 400]",340.607,356.456,337.696,352.526,82.8456
2024-11-23,LONG,[335],"[265, 365, 385, 400]",340.607,356.456,337.696,352.526,82.8456
2024-11-24,LONG,"[330, 347, 350]","[357, 365, 385, 400]",340.607,356.456,337.696,352.526,82.8456
2024-11-27,SHORT,[336.5],[],341.696,342.236,326.556,332.927,60.7904
2024-11-28,,"[285, 286, 337]","[347, 350, 360]",341.696,342.236,326.556,332.927,60.7904
2024-11-29,SHORT,"[280, 285, 310, 313, 314, 315, 330]","[350, 360]",335.987,344.836,333.976,344.707,32.7816
2024-12-01,,"[277, 285, 295, 310, 320, 325, 330, 340]","[347, 348, 355, 360]",335.987,344.836,333.976,344.707,32.7816
2024-12-04,,"[285, 310, 325, 340, 347]","[360, 363, 385, 400, 420]",352.527,358.087,348.496,357.407,61.4292
2024-12-05,LONG,"[260, 270, 285, 310, 325, 340, 347, 350]","[360, 363, 385, 400]",359.847,375.347,358.156,369.366,76.5794
2024-12-06,LONG,"[340, 342, 348, 350]","[360, 363, 385, 400]",376.706,389.357,370.796,389.337,77.6964
2024-12-07,,"[360, 363]","[371, 385, 400]",376.706,389.357,370.796,389.337,77.6964
2024-12-10,LONG,[370],"[400, 415, 420]",392.497,409.696,390.786,400.926,90.57
2024-12-11,,"[360, 377]",[400],409.067,424.756,402.356,424.726,81.606
2024-12-12,,"[371, 398, 400]","[414.5, 420.69]",424.437,429.226,414.996,418.096,79.5312
2024-12-13,,"[165, 300]",[420.69],420.207,436.107,415.676,435.996,70.7643
2024-12-14,LONG,"[340, 365, 390, 400, 415]","[420, 430, 444.5]",420.207,436.107,415.676,435.996,70.7643
2024-12-15,,"[260, 360, 370, 415, 425, 430]",[],420.207,436.107,415.676,435.996,70.7643
2024-12-18,LONG,"[415, 460, 462]","[469, 480]",466.117,488.306,426.997,440.867,91.1679
2024-12-19,,"[360, 400, 415, 425, 430, 460]","[483, 485, 500]",451.596,456.157,419.996,436.126,86.7444
2024-12-20,SHORT,"[360, 400, 415, 427]",[460],424.997,446.936,417.547,420.996,59.1774
2024-12-21,,"[360, 415, 425, 430]","[460, 500]",424.997,446.936,417.547,420.996,59.1774
2024-12-22,,"[270, 360, 400, 415, 430]",[500],424.997,446.936,417.547,420.996,59.1774
2024-12-25,LONG,"[260, 360, 415]",[460],435.296,460.907,435.026,460.396,32.7276
2024-12-26,,"[415, 420, 425, 430]","[460, 470, 490, 500]",464.997,465.166,450.996,453.906,55.5984
2024-12-28,,"[415, 420, 430]","[460, 490, 500]",448.946,449.706,426.356,431.686,67.9356
2024-12-29,,"[270, 300, 415, 425, 426, 430]","[430, 460, 490, 500]",448.946,449.706,426.356,431.686,67.9356
2025-01-01,SHORT,"[350, 360, 380, 415]","[430, 440]",423.496,427.747,402.496,404.377,59.7132
2025-01-02,LONG,[380],"[425, 430, 460, 500]",390.157,392.597,372.997,378.767,75.1454
2025-01-04,SHORT,"[350, 360, 380]",[415],381.297,411.756,379.396,410.296,60.0468
2025-01-05,,"[360, 370]","[415, 425, 430]",381.297,411.756,379.396,410.296,60.0468
2025-01-08,,"[350, 360, 370, 380]","[415, 425, 430, 460]",392.357,402.387,387.297,394.807,59.1156
2025-01-09,SHORT,"[360, 370, 375]","[425, 460]",392.357,402.387,387.297,394.807,59.1156
2025-01-10,LONG,"[350, 360, 370, 375]",[425],391.297,399.016,384.196,393.436,54.0429
2025-01-12,LONG,"[360, 370, 380]","[420, 425, 460, 510, 520]",391.297,399.016,384.196,393.436,54.0429
2025-01-15,,"[350, 360, 370, 380]","[405, 415, 425, 460, 490]",409.547,429.677,405.556,428.106,60.2412
2025-01-16,,"[350, 360, 370, 380]","[415, 425, 460, 470]",423.246,423.247,409.116,413.717,58.3552
2025-01-17,LONG,"[407, 415, 425]",[460],421.547,439.677,419.606,426.547,75.6852
2025-01-18,LONG,"[405, 407, 415]",[460],421.547,439.677,419.606,426.547,75.6852
2025-01-19,,"[360, 390, 415]","[445, 460]",421.547,439.677,419.606,426.547,75.6852
2025-01-23,,[385],"[440, 445, 460, 500]",415.847,420.467,408.907,412.206,42.7254
2025-01-24,,"[330, 350, 360, 375, 380, 390, 405, 410, 415]","[435, 440, 460, 480, 490]",414.367,417.937,405.717,406.506,50.1888
2025-01-25,,"[377, 380, 390, 406.5, 409]","[460, 500]",414.367,417.937,405.717,406.506,50.1888
2025-01-26,,"[280, 380, 390, 400]","[430, 440, 460, 650]",414.367,417.937,405.717,406.506,50.1888
2025-01-29,,"[280, 340, 350, 360, 380, 390]","[440, 460, 490, 500]",395.107,398.497,384.406,387.296,39.3849
2025-01-30,,"[280, 290, 340, 360, 390]","[440, 460, 490, 500]",410.377,412.216,384.256,399.506,46.3383
2025-01-31,,"[280, 300, 350, 365]","[440, 450]",401.337,419.947,400.646,404.606,58.7625
2025-02-02,LONG,"[385, 390]","[415, 440, 460]",401.337,419.947,400.646,404.606,58.7625
2025-02-05,SHORT,"[350, 373, 374]","[385, 410, 420]",386.377,388.277,375.496,377.507,54.618
2025-02-06,,"[350, 360, 374]","[405, 407, 420, 440, 460]",372.797,375.336,363.146,374.266,70.6476
2025-02-07,,"[350, 374]","[390, 405, 420, 440, 460]",370.196,380.416,360.327,361.387,66.4956
2025-02-08,,"[318, 350, 363]","[375, 380]",370.196,380.416,360.327,361.387,66.4956
2025-02-09,,"[340, 350]","[374, 375, 380]",370.196,380.416,360.327,361.387,66.4956
2025-02-12,,"[330, 340]","[370, 380, 390]",329.227,346.327,329.076,336.006,76.6668
2025-02-13,LONG,"[270, 280, 300, 318, 325, 334]","[340, 370, 380]",345.036,358.597,342.727,355.046,74.4456
2025-02-14,,"[280, 300, 315, 329]","[340, 345, 347, 350, 370, 380]",360.597,361.717,347.177,356.056,63.57
2025-02-15,,"[347, 350]","[361.62, 370, 380, 390]",360.597,361.717,347.177,356.056,63.57
2025-02-16,LONG,"[320, 330, 348, 350]","[370, 380, 390]",360.597,361.717,347.177,356.056,63.57
2025-02-20,LONG,"[347, 348]","[370, 380, 390]",361.497,362.067,347.996,353.936,67.326
2025-02-21,,"[330, 350, 360]","[362, 363, 370, 380, 390]",353.397,354.857,334.396,337.547,78.0852
2025-02-22,,"[280, 330, 347, 348]","[362, 363, 370, 380]",353.397,354.857,334.396,337.547,78.0852
2025-02-23,,"[280, 300, 326, 332, 334.42]","[347, 348, 362, 363, 370, 380]",353.397,354.857,334.396,337.547,78.0852
2025-02-26,,"[280, 300, 321, 325]","[342, 347, 348, 370]",303.637,308.946,288.007,290.736,103.0131
2025-02-27,LONG,"[270, 280, 290, 295, 300]","[305, 306, 313, 314, 325]",290.866,297.146,280.786,281.977,84.3822
2025-02-28,LONG,"[270, 280, 290, 300]","[325, 360]",279.417,293.556,273.496,292.996,111.1435
2025-03-01,LONG,"[260, 270, 290]",[360],279.417,293.556,273.496,292.996,111.1435
2025-03-02,LONG,"[260, 270, 290]","[310, 314, 320, 325, 340, 350]",279.417,293.556,273.496,292.996,111.1435
2025-03-05,LONG,"[265, 270]","[309, 320, 350]",272.626,279.517,267.606,278.946,116.7504
2025-03-06,LONG,[260],"[285, 325]",271.776,272.576,260.006,263.337,119.2704
2025-03-07,LONG,[285],"[292, 300]",259.176,266.186,250.686,262.687,135.6408
2025-03-08,,[],"[350, 600]",259.176,266.186,250.686,262.687,135.6408
2025-03-09,LONG,"[105, 108, 250, 253, 260]","[265, 281, 310, 325]",259.176,266.186,250.686,262.687,135.6408
2025-03-12,LONG,"[150, 160, 170, 185, 200, 220]",[250],246.667,251.777,241.036,248.076,149.3124
2025-03-13,,"[160, 180, 190, 217, 350]","[240, 250, 263, 302, 307, 320, 360]",248.037,248.076,233.496,240.706,139.6656
2025-03-14,LONG,"[242, 349]","[263, 275, 310, 320, 365]",247.087,251.547,240.726,249.837,142.3128
2025-03-15,LONG,"[233, 234]","[250, 252, 275, 310, 330, 351]",247.087,251.547,240.726,249.837,142.3128
2025-03-16,LONG,"[244, 245]","[250, 251, 252, 270]",247.087,251.547,240.726,249.837,142.3128
2025-03-19,,"[210, 220, 230, 232]","[251, 252, 253]",231.497,241.346,229.206,235.706,131.5944
2025-03-20,,"[170, 213, 220, 230]","[227, 228, 230, 250, 251, 252]",232.906,237.957,230.047,236.086,114.5604
2025-03-21,LONG,"[160, 170, 180, 190, 200, 213, 215, 220, 229, 230, 232, 233]","[240, 252]",234.667,249.457,234.517,248.656,144.4056
2025-03-22,LONG,"[160, 180, 212, 215, 220, 229, 231, 232]","[240, 250]",234.667,249.457,234.517,248.656,144.4056
2025-03-23,LONG,[],"[252, 253, 260, 270, 280]",234.667,249.457,234.517,248.656,144.4056
2025-03-26,,"[260, 270]","[285, 307, 310, 320]",282.286,284.817,266.497,272.076,82.134
2025-03-27,,"[270, 275]","[290, 293, 300, 305]",272.097,291.806,271.736,271.996,88.9044
2025-03-28,,"[260, 263]","[285, 293, 305, 313]",274.986,276.017,260.576,263.496,67.1868
2025-03-29,,"[250, 260]","[290, 307, 320]",274.986,276.017,260.576,263.496,67.1868
2025-03-30,,"[250, 255, 260]","[270, 290, 300, 320]",274.986,276.017,260.576,263.496,67.1868
2025-04-02,,"[230, 244, 250, 257]","[263, 300, 310]",254.486,284.897,251.006,282.717,115.2672
2025-04-03,,"[160, 180, 217, 220]",[310],265.096,276.177,261.497,267.236,95.652
2025-04-04,,"[250, 270]","[305, 310, 315]",254.786,260.767,235.947,239.106,124.2684
2025-04-05,,"[170, 250, 253, 260]","[270, 287, 290, 310]",254.786,260.767,235.947,239.106,124.2684
2025-04-06,,"[220, 230, 231, 234]","[250, 305, 310]",254.786,260.767,235.947,239.106,124.2684
2025-04-09,,"[180, 190, 213, 214, 215, 220, 230]","[240, 250]",224.517,274.537,223.846,271.086,119.4516
2025-04-10,,"[170, 180, 190, 214, 215, 220, 224]","[228, 230, 250, 252, 470]",259.617,262.327,239.327,252.466,105.3048
2025-04-11,,"[180, 200, 215, 220, 222, 250, 260]","[270, 285, 290, 300, 350, 360, 370]",251.677,257.607,241.336,252.026,84.1176
2025-04-12,LONG,"[180, 190, 210, 220, 250]","[270, 290, 350]",251.677,257.607,241.336,252.026,84.1176
2025-04-13,LONG,"[170, 180, 190, 215, 220]","[270, 290, 320, 360, 370]",251.677,257.607,241.336,252.026,84.1176
2025-04-16,,"[215, 220, 225, 230, 245]","[262, 270, 290]",247.526,251.926,233.876,241.547,59.9904
2025-04-17,,"[215, 220, 230, 240, 250]","[255, 258, 259, 262, 270, 290]",243.587,244.236,237.636,241.137,59.1876
2025-04-18,,"[180, 190, 246]",[250],243.587,244.236,237.636,241.137,59.1876
2025-04-21,LONG,"[170, 190, 220, 234]","[260, 265, 290]",229.997,231.956,222.776,227.316,51.0384
2025-04-23,,"[170, 190, 197, 200, 214]","[233, 235, 240, 255, 260, 280, 290]",255.026,259.377,244.406,250.747,74.448
2025-04-24,,"[190, 200, 215, 220, 230]","[242, 243, 260, 280, 290]",250.456,259.307,249.097,259.056,60.276
2025-04-25,,"[215, 220, 242, 243, 244]","[255, 260, 262, 280, 290, 300]",261.597,286.817,259.576,284.797,88.5216
2025-04-26,LONG,"[257, 258]","[260, 262, 280, 290, 320, 360]",261.597,286.817,259.576,284.797,88.5216
2025-04-27,LONG,"[250, 260, 270, 280, 285]","[290, 320, 350, 370]",261.597,286.817,259.576,284.797,88.5216
2025-04-30,SHORT,"[260, 272, 281, 282]","[286, 287, 288, 290, 295]",279.446,284.397,270.706,282.157,87.9228
2025-05-01,,"[285, 288, 290]","[291, 295, 310, 320, 325, 330]",279.446,284.397,270.706,282.157,87.9228
2025-05-02,SHORT,[260],"[290, 293, 295]",279.446,284.397,270.706,282.157,87.9228
